{"stats":{"minecraft:custom":{"minecraft:jump":58,"minecraft:time_since_rest":5854,"minecraft:leave_game":1,"minecraft:damage_dealt":161,"minecraft:crouch_one_cm":223,"minecraft:sprint_one_cm":18695,"minecraft:play_time":5854,"minecraft:damage_taken":155,"minecraft:time_since_death":5854,"minecraft:walk_one_cm":13592,"minecraft:sneak_time":35,"minecraft:total_world_time":5854,"minecraft:mob_kills":1,"minecraft:fall_one_cm":209,"minecraft:fly_one_cm":3356},"minecraft:mined":{"minecraft:dead_bush":2,"minecraft:sand":15},"minecraft:killed":{"minecraft:spider":1},"minecraft:used":{"minecraft:sand":5},"minecraft:picked_up":{"minecraft:stick":2,"minecraft:sand":15}},"DataVersion":3465}